"Month","Company","Price","Volume"
1985-01-01,"Apple",0.0951362699270248,175302400
1985-02-01,"Apple",0.0976957827806473,137737600
1985-03-01,"Apple",0.0848972573876381,247430400
1985-04-01,"Apple",0.073805071413517,114060800
1985-05-01,"Apple",0.0712455585598946,57344000
1985-06-01,"Apple",0.0546076819300652,576016000
1985-07-01,"Apple",0.0618597380816936,103443200
1985-08-01,"Apple",0.0541810840368271,51564800
1985-09-01,"Apple",0.0503410026431084,37452800
1985-10-01,"Apple",0.0537545047700405,88345600
1985-11-01,"Apple",0.0635661035776138,92556800
1985-12-01,"Apple",0.069112591445446,100195200
1986-01-01,"Apple",0.0759380534291267,117420800
1986-02-01,"Apple",0.0814845561981201,350022400
1986-03-01,"Apple",0.0840440839529037,108819200
1986-04-01,"Apple",0.0930033177137375,222723200
1986-05-01,"Apple",0.103242300450802,257936000
1986-06-01,"Apple",0.126706391572952,199248000
1986-07-01,"Apple",0.120733298361301,87718400
1986-08-01,"Apple",0.107081606984138,150080000
1986-09-01,"Apple",0.118600346148014,232960000
1986-10-01,"Apple",0.116467349231243,138588800
1986-11-01,"Apple",0.119453564286232,151827200
1986-12-01,"Apple",0.136944651603699,347200000
1987-01-01,"Apple",0.13950489461422,120870400
1987-02-01,"Apple",0.190699115395546,246400000
1987-03-01,"Apple",0.230374529957771,396480000
1987-04-01,"Apple",0.227814957499504,217862400
1987-05-01,"Apple",0.273036986589432,132720000
1987-06-01,"Apple",0.265761345624924,83305600
1987-07-01,"Apple",0.273452550172806,94830400
1987-08-01,"Apple",0.275161325931549,63358400
1987-09-01,"Apple",0.359370023012161,138880000
1987-10-01,"Apple",0.398729383945465,116480000
1987-11-01,"Apple",0.265249222517014,188160000
1987-12-01,"Apple",0.228097394108772,181440000
1988-01-01,"Apple",0.306988567113876,330400000
1988-02-01,"Apple",0.286408185958862,199360000
1988-03-01,"Apple",0.297283589839935,171360000
1988-04-01,"Apple",0.266351997852325,181440000
1988-05-01,"Apple",0.281817406415939,82196800
1988-06-01,"Apple",0.292705833911896,229600000
1988-07-01,"Apple",0.320255190134048,94539200
1988-08-01,"Apple",0.309924244880676,85937600
1988-09-01,"Apple",0.268244564533234,246736000
1988-10-01,"Apple",0.293257772922516,90776000
1988-11-01,"Apple",0.262207210063934,143696000
1988-12-01,"Apple",0.268087655305862,212161600
1989-01-01,"Apple",0.279330104589462,100016000
1989-02-01,"Apple",0.271546602249146,487558400
1989-03-01,"Apple",0.249749228358269,170128000
1989-04-01,"Apple",0.242811441421509,166286400
1989-05-01,"Apple",0.270561158657074,80662400
1989-06-01,"Apple",0.338942646980286,179502400
1989-07-01,"Apple",0.283320993185043,48350400
1989-08-01,"Apple",0.277237802743912,139540800
1989-09-01,"Apple",0.310999542474747,74121600
1989-10-01,"Apple",0.309256374835968,137401600
1989-11-01,"Apple",0.321452528238297,61185600
1989-12-01,"Apple",0.307398825883865,146227200
1990-01-01,"Apple",0.260240912437439,183198400
1990-02-01,"Apple",0.234915316104889,117073600
1990-03-01,"Apple",0.240053161978722,203896000
1990-04-01,"Apple",0.282105952501297,148769600
1990-05-01,"Apple",0.277725696563721,163609600
1990-06-01,"Apple",0.286402612924576,157236800
1990-07-01,"Apple",0.309244573116302,135408000
1990-08-01,"Apple",0.2978236079216,93508800
1990-09-01,"Apple",0.26083254814148,82745600
1990-10-01,"Apple",0.215010449290276,155657600
1990-11-01,"Apple",0.215010449290276,90652800
1990-12-01,"Apple",0.269662231206894,165401600
1991-01-01,"Apple",0.307679980993271,154985600
1991-02-01,"Apple",0.394325584173203,444550400
1991-03-01,"Apple",0.409330993890762,126134400
1991-04-01,"Apple",0.485526770353317,117924800
1991-05-01,"Apple",0.334907233715057,1868372800
1991-06-01,"Apple",0.349976241588593,220068800
1991-07-01,"Apple",0.302009761333466,194824000
1991-08-01,"Apple",0.349088042974472,448425600
1991-09-01,"Apple",0.373913526535034,68376000
1991-10-01,"Apple",0.361449748277664,131376000
1991-11-01,"Apple",0.36323019862175,201264000
1991-12-01,"Apple",0.369458556175232,118899200
1992-01-01,"Apple",0.424787759780884,233632000
1992-02-01,"Apple",0.46940866112709,158132800
1992-03-01,"Apple",0.481015086174011,89252800
1992-04-01,"Apple",0.422006279230118,159656000
1992-05-01,"Apple",0.423794239759445,134377600
1992-06-01,"Apple",0.412104368209839,248046400
1992-07-01,"Apple",0.351184487342834,143528000
1992-08-01,"Apple",0.327891528606415,68544000
1992-09-01,"Apple",0.334163188934326,60289600
1992-10-01,"Apple",0.317993372678757,122729600
1992-11-01,"Apple",0.375483989715576,170094400
1992-12-01,"Apple",0.419491976499557,130144000
1993-01-01,"Apple",0.419491976499557,129136000
1993-02-01,"Apple",0.441096842288971,240553600
1993-03-01,"Apple",0.384320229291916,119302400
1993-04-01,"Apple",0.373495042324066,108203200
1993-05-01,"Apple",0.374397128820419,65184000
1993-06-01,"Apple",0.412245810031891,135072000
1993-07-01,"Apple",0.274830490350723,218164800
1993-08-01,"Apple",0.206122443079948,216305600
1993-09-01,"Apple",0.189777508378029,225568000
1993-10-01,"Apple",0.165260687470436,335988800
1993-11-01,"Apple",0.228822454810143,105974400
1993-12-01,"Apple",0.22964471578598,111216000
1994-01-01,"Apple",0.217798009514809,181529600
1994-02-01,"Apple",0.24240280687809,156721600
1994-03-01,"Apple",0.265223622322083,211870400
1994-04-01,"Apple",0.243273869156837,168302400
1994-05-01,"Apple",0.226812079548836,123222400
1994-06-01,"Apple",0.207507312297821,385761600
1994-07-01,"Apple",0.189144164323807,179278400
1994-08-01,"Apple",0.245152473449707,229275200
1994-09-01,"Apple",0.257979422807693,204288000
1994-10-01,"Apple",0.244159162044525,129595200
1994-11-01,"Apple",0.317867815494537,218097600
1994-12-01,"Apple",0.267534852027893,309321600
1995-01-01,"Apple",0.28370675444603,103868800
1995-02-01,"Apple",0.296644538640976,158368000
1995-03-01,"Apple",0.296533465385437,224448000
1995-04-01,"Apple",0.263173222541809,154302400
1995-05-01,"Apple",0.283560276031494,177956800
1995-06-01,"Apple",0.31361722946167,186726400
1995-07-01,"Apple",0.348928511142731,39390400
1995-08-01,"Apple",0.323374509811401,210918400
1995-09-01,"Apple",0.320064574480057,98380800
1995-10-01,"Apple",0.280464261770248,392000000
1995-11-01,"Apple",0.273009598255157,193233600
1995-12-01,"Apple",0.281337946653366,204209600
1996-01-01,"Apple",0.240211486816406,139294400
1996-02-01,"Apple",0.212171256542206,333043200
1996-03-01,"Apple",0.20095506310463,231134400
1996-04-01,"Apple",0.190674304962158,158636800
1996-05-01,"Apple",0.182261914014816,112705600
1996-06-01,"Apple",0.185065731406212,125462400
1996-07-01,"Apple",0.160764023661613,131980800
1996-08-01,"Apple",0.158894762396812,110163200
1996-09-01,"Apple",0.180392652750015,68297600
1996-10-01,"Apple",0.18413108587265,539246400
1996-11-01,"Apple",0.181327268481255,211332800
1996-12-01,"Apple",0.187869548797607,174977600
1997-01-01,"Apple",0.157025560736656,143113600
1997-02-01,"Apple",0.121974945068359,368110400
1997-03-01,"Apple",0.120572969317436,130457600
1997-04-01,"Apple",0.130854651331902,220259200
1997-05-01,"Apple",0.127116173505783,72340800
1997-06-01,"Apple",0.126648932695389,41585600
1997-07-01,"Apple",0.0986087173223495,450676800
1997-08-01,"Apple",0.143472790718079,481913600
1997-09-01,"Apple",0.167307138442993,186043200
1997-10-01,"Apple",0.160997733473778,130468800
1997-11-01,"Apple",0.129919990897179,126011200
1997-12-01,"Apple",0.132723823189735,87236800
1998-01-01,"Apple",0.12150763720274,718110400
1998-02-01,"Apple",0.132256537675858,636742400
1998-03-01,"Apple",0.170111060142517,400444800
1998-04-01,"Apple",0.205628976225853,186883200
1998-05-01,"Apple",0.209367364645004,184072000
1998-06-01,"Apple",0.196281954646111,319692800
1998-07-01,"Apple",0.223854750394821,314115200
1998-08-01,"Apple",0.262643992900848,301761600
1998-09-01,"Apple",0.255166947841644,869075200
1998-10-01,"Apple",0.266849666833878,370216000
1998-11-01,"Apple",0.281337946653366,253769600
1998-12-01,"Apple",0.255166947841644,865737600
1999-01-01,"Apple",0.308443456888199,952884800
1999-02-01,"Apple",0.306106060743332,278913600
1999-03-01,"Apple",0.252362340688705,487827200
1999-04-01,"Apple",0.269654303789139,262057600
1999-05-01,"Apple",0.370598793029785,1470436800
1999-06-01,"Apple",0.335081577301025,461025600
1999-07-01,"Apple",0.338820099830627,149217600
1999-08-01,"Apple",0.416865646839142,362443200
1999-09-01,"Apple",0.513136982917786,788625600
1999-10-01,"Apple",0.461496233940125,614790400
1999-11-01,"Apple",0.580433309078217,278577600
1999-12-01,"Apple",0.77064037322998,618564800
2000-01-01,"Apple",0.837002396583557,535796800
2000-02-01,"Apple",0.749610066413879,318035200
2000-03-01,"Apple",0.97439980506897,1077003200
2000-04-01,"Apple",0.996831893920898,328563200
2000-05-01,"Apple",0.929535448551178,226195200
2000-06-01,"Apple",0.666424095630646,903840000
2000-07-01,"Apple",0.797278642654419,70828800
2000-08-01,"Apple",0.737459123134613,137284000
2000-09-01,"Apple",0.948696732521057,256872000
2000-10-01,"Apple",0.362654536962509,2424788800
2000-11-01,"Apple",0.306573390960693,575366400
2000-12-01,"Apple",0.255166947841644,385705600
2001-01-01,"Apple",0.22245292365551,452312000
2001-02-01,"Apple",0.315920352935791,369695200
2001-03-01,"Apple",0.280402392148972,330461600
2001-04-01,"Apple",0.322874695062637,340911200
2001-05-01,"Apple",0.387778490781784,427252000
2001-06-01,"Apple",0.312406331300735,456075200
2001-07-01,"Apple",0.357420355081558,230048000
2001-08-01,"Apple",0.285038650035858,304136000
2001-09-01,"Apple",0.272925555706024,348213600
2001-10-01,"Apple",0.232397884130478,208208000
2001-11-01,"Apple",0.278009861707687,312995200
2001-12-01,"Apple",0.314799010753632,181165600
2002-01-01,"Apple",0.348446875810623,529496800
2002-02-01,"Apple",0.365047127008438,398305600
2002-03-01,"Apple",0.350690335035324,348992000
2002-04-01,"Apple",0.36579504609108,199046400
2002-05-01,"Apple",0.358616173267365,214704000
2002-06-01,"Apple",0.342614680528641,235110400
2002-07-01,"Apple",0.255129188299179,222689600
2002-08-01,"Apple",0.221331521868706,228956000
2002-09-01,"Apple",0.210115298628807,276936800
2002-10-01,"Apple",0.216994196176529,342423200
2002-11-01,"Apple",0.244660913944244,189828800
2002-12-01,"Apple",0.227013796567917,398742400
2003-01-01,"Apple",0.221331521868706,181428800
2003-02-01,"Apple",0.21923790872097,264784800
2003-03-01,"Apple",0.219087958335876,203761600
2003-04-01,"Apple",0.211760058999062,154341600
2003-05-01,"Apple",0.214751452207565,342759200
2003-06-01,"Apple",0.260961443185806,418588800
2003-07-01,"Apple",0.285487622022629,180992000
2003-08-01,"Apple",0.310013681650162,149604000
2003-09-01,"Apple",0.341717779636383,242132800
2003-10-01,"Apple",0.310910612344742,236112800
2003-11-01,"Apple",0.34620413184166,302842400
2003-12-01,"Apple",0.324669420719147,361536000
2004-01-01,"Apple",0.318238466978073,144642400
2004-02-01,"Apple",0.333791077136993,287431200
2004-03-01,"Apple",0.3592149913311,321680800
2004-04-01,"Apple",0.405424892902374,318332000
2004-05-01,"Apple",0.389872312545776,297634400
2004-06-01,"Apple",0.419631749391556,182134400
2004-07-01,"Apple",0.483040928840637,341941600
2004-08-01,"Apple",0.472273528575897,365092000
2004-09-01,"Apple",0.536279559135437,515726400
2004-10-01,"Apple",0.578303098678589,465404800
2004-11-01,"Apple",0.784379959106445,602050400
2004-12-01,"Apple",1.01378738880157,800553600
2005-01-01,"Apple",0.946490705013275,691992000
2005-02-01,"Apple",1.15944671630859,678395200
2005-03-01,"Apple",1.33097863197327,468188000
2005-04-01,"Apple",1.22300481796265,641284000
2005-05-01,"Apple",1.08960771560669,465920000
2005-06-01,"Apple",1.20535778999329,453812800
2005-07-01,"Apple",1.09170138835907,250000800
2005-08-01,"Apple",1.27863669395447,314249600
2005-09-01,"Apple",1.38361978530884,356367200
2005-10-01,"Apple",1.62828052043915,507553200
2005-11-01,"Apple",1.71980345249176,749686000
2005-12-01,"Apple",2.14152932167053,812893200
2006-01-01,"Apple",2.2357451915741,807234400
2006-02-01,"Apple",2.25578451156616,521186400
2006-03-01,"Apple",2.06675577163696,763817600
2006-04-01,"Apple",1.87383842468262,815791200
2006-05-01,"Apple",2.08170866966248,750380400
2006-06-01,"Apple",1.85948157310486,942508000
2006-07-01,"Apple",1.73326289653778,194770800
2006-08-01,"Apple",2.00932860374451,711765600
2006-09-01,"Apple",2.04522109031677,408494800
2006-10-01,"Apple",2.23903441429138,712639200
2006-11-01,"Apple",2.36764645576477,611192400
2006-12-01,"Apple",2.73134803771973,795079600
2007-01-01,"Apple",2.506427526474,1238319600
2007-02-01,"Apple",2.53454232215881,664342000
2007-03-01,"Apple",2.60393261909485,1415528800
2007-04-01,"Apple",2.80103778839111,501992400
2007-05-01,"Apple",2.97511148452759,532523600
2007-06-01,"Apple",3.54129981994629,885262000
2007-07-01,"Apple",3.62684106826782,994862400
2007-08-01,"Apple",4.03780174255371,1750156800
2007-09-01,"Apple",4.31177091598511,1316842800
2007-10-01,"Apple",4.67607069015503,837068400
2007-11-01,"Apple",5.60626125335693,805036400
2007-12-01,"Apple",5.3496356010437,961469600
2008-01-01,"Apple",5.82759189605713,1079178800
2008-02-01,"Apple",4.00041151046753,1010744000
2008-03-01,"Apple",3.64089918136597,1593043200
2008-04-01,"Apple",4.47238540649414,1032567200
2008-05-01,"Apple",5.38373327255249,903576800
2008-06-01,"Apple",5.56618070602417,679840000
2008-07-01,"Apple",5.22461366653442,1111280800
2008-08-01,"Apple",4.68564224243164,544639200
2008-09-01,"Apple",4.97068166732788,780763200
2008-10-01,"Apple",3.26373863220215,1296484000
2008-11-01,"Apple",3.19913530349731,1057938000
2008-12-01,"Apple",2.65986323356628,923767600
2009-01-01,"Apple",2.71429824829102,746015200
2009-02-01,"Apple",2.73703026771545,558247200
2009-03-01,"Apple",2.63025188446045,770929600
2009-04-01,"Apple",3.25087785720825,589372000
2009-05-01,"Apple",3.8057005405426,397516000
2009-06-01,"Apple",4.16790962219238,452499600
2009-07-01,"Apple",4.27199268341064,414178800
2009-08-01,"Apple",4.97786045074463,394240000
2009-09-01,"Apple",4.94406270980835,469028000
2009-10-01,"Apple",5.40945768356323,524711600
2009-11-01,"Apple",5.66219091415405,678983200
2009-12-01,"Apple",5.89130115509033,465763200
2010-01-01,"Apple",6.40096044540405,493729600
2010-02-01,"Apple",5.82430362701416,749876400
2010-03-01,"Apple",6.25081253051758,550093600
2010-04-01,"Apple",7.05777597427368,603145200
2010-05-01,"Apple",7.96642923355103,454342000
2010-06-01,"Apple",7.80132818222046,876472800
2010-07-01,"Apple",7.43194437026978,1022896000
2010-08-01,"Apple",7.83183670043945,428055600
2010-09-01,"Apple",7.48727750778198,697037600
2010-10-01,"Apple",8.45007038116455,448142800
2010-11-01,"Apple",9.09791469573975,423889200
2010-12-01,"Apple",9.46340942382812,461750800
2011-01-01,"Apple",9.85731601715088,445138400
2011-02-01,"Apple",10.3197202682495,426633200
2011-03-01,"Apple",10.4477338790894,456136800
2011-04-01,"Apple",10.305661201477,418661600
2011-05-01,"Apple",10.3571081161499,442713600
2011-06-01,"Apple",10.3340759277344,554682800
2011-07-01,"Apple",10.2667837142944,435313200
2011-08-01,"Apple",11.8666439056396,612836000
2011-09-01,"Apple",11.396463394165,343725200
2011-10-01,"Apple",11.2041492462158,669099200
2011-11-01,"Apple",11.8594675064087,531790000
2011-12-01,"Apple",11.6028394699097,387181200
2012-01-01,"Apple",12.2997350692749,302220800
2012-02-01,"Apple",13.644474029541,270046000
2012-03-01,"Apple",16.2848930358887,683270000
2012-04-01,"Apple",18.5030002593994,598351600
2012-05-01,"Apple",17.4113006591797,610999200
2012-06-01,"Apple",16.7790107727051,520987600
2012-07-01,"Apple",17.7220611572266,400092000
2012-08-01,"Apple",18.1494617462158,384501600
2012-09-01,"Apple",20.2747821807861,367892000
2012-10-01,"Apple",19.8067874908447,543594800
2012-11-01,"Apple",17.9188976287842,361298000
2012-12-01,"Apple",17.6884250640869,364280000
2013-01-01,"Apple",16.5671138763428,560518000
2013-02-01,"Apple",13.6880903244019,539484400
2013-03-01,"Apple",13.0652408599854,552448400
2013-04-01,"Apple",13.0178918838501,389732000
2013-05-01,"Apple",13.332935333252,506909200
2013-06-01,"Apple",13.7704010009766,372352400
2013-07-01,"Apple",12.5024948120117,391053600
2013-08-01,"Apple",13.9524917602539,206250800
2013-09-01,"Apple",15.0256576538086,331928800
2013-10-01,"Apple",15.0065898895264,353883600
2013-11-01,"Apple",15.992862701416,274890000
2013-12-01,"Apple",17.0513610839844,472544800
2014-01-01,"Apple",17.1101264953613,234684800
2014-02-01,"Apple",15.5139694213867,401464000
2014-03-01,"Apple",16.4230709075928,238781200
2014-04-01,"Apple",16.855297088623,200760000
2014-05-01,"Apple",18.4059429168701,244048000
2014-06-01,"Apple",19.671875,369350800
2014-07-01,"Apple",20.4851512908936,152892000
2014-08-01,"Apple",21.0568733215332,194044000
2014-09-01,"Apple",22.7399768829346,214256000
2014-10-01,"Apple",21.8330230712891,205965200
2014-11-01,"Apple",24.0828037261963,209130400
2014-12-01,"Apple",25.4408149719238,335256000
2015-01-01,"Apple",24.1717624664307,212818400
2015-02-01,"Apple",26.2278919219971,250956400
2015-03-01,"Apple",28.6531276702881,192386800
2015-04-01,"Apple",27.5788307189941,162485600
2015-05-01,"Apple",28.6220569610596,234050400
2015-06-01,"Apple",29.0959987640381,128451200
2015-07-01,"Apple",28.2178211212158,120955200
2015-08-01,"Apple",26.3990421295166,279904000
2015-09-01,"Apple",24.1183452606201,307383600
2015-10-01,"Apple",24.534797668457,255716400
2015-11-01,"Apple",27.1320190429688,128813200
2015-12-01,"Apple",26.384708404541,139409600
2016-01-01,"Apple",23.6886692047119,270597600
2016-02-01,"Apple",21.682954788208,163774000
2016-03-01,"Apple",22.7275218963623,201628400
2016-04-01,"Apple",24.8662128448486,103496000
2016-05-01,"Apple",21.1698532104492,192640400
2016-06-01,"Apple",22.3950729370117,116693200
2016-07-01,"Apple",21.810510635376,104106000
2016-08-01,"Apple",24.1214427947998,152671600
2016-09-01,"Apple",24.4076251983643,106806000
2016-10-01,"Apple",25.7317028045654,86807200
2016-11-01,"Apple",25.4961605072021,175303200
2016-12-01,"Apple",25.1673412322998,148347600
2017-01-01,"Apple",26.6982154846191,115127600
2017-02-01,"Apple",29.5944442749023,447940000
2017-03-01,"Apple",32.2714004516602,145658400
2017-04-01,"Apple",33.1740646362305,79942800
2017-05-01,"Apple",33.838924407959,134411600
2017-06-01,"Apple",35.5085296630859,65616400
2017-07-01,"Apple",33.2646217346191,57111200
2017-08-01,"Apple",34.7829704284668,141474400
2017-09-01,"Apple",38.1776504516602,66364400
2017-10-01,"Apple",35.7945899963379,74795200
2017-11-01,"Apple",38.8385543823242,134551200
2017-12-01,"Apple",39.9497680664062,159037200
2018-01-01,"Apple",40.2323837280273,102223600
2018-02-01,"Apple",39.1860389709473,188923200
2018-03-01,"Apple",41.0389595031738,195208000
2018-04-01,"Apple",39.0878486633301,150347200
2018-05-01,"Apple",39.6553726196289,214277600
2018-06-01,"Apple",44.7849082946777,93770000
2018-07-01,"Apple",44.0645408630371,70925200
2018-08-01,"Apple",47.4356498718262,271742800
2018-09-01,"Apple",53.9473686218262,109560400
2018-10-01,"Apple",53.6875076293945,94403200
2018-11-01,"Apple",52.4968795776367,233292800
2018-12-01,"Apple",43.8138999938965,163210000
2019-01-01,"Apple",37.4369163513184,148158800
2019-02-01,"Apple",39.475658416748,130672400
2019-03-01,"Apple",41.6567344665527,103544800
2019-04-01,"Apple",45.5302772521973,111448000
2019-05-01,"Apple",50.1204376220703,259309200
2019-06-01,"Apple",41.4180221557617,161584400
2019-07-01,"Apple",48.1696662902832,109012000
2019-08-01,"Apple",49.8139610290527,216071600
2019-09-01,"Apple",49.3482856750488,80092000
2019-10-01,"Apple",53.8800773620605,139223200
2019-11-01,"Apple",61.3722801208496,151125200
2019-12-01,"Apple",63.5633544921875,94487200
2020-01-01,"Apple",72.2715530395508,135480400
2020-02-01,"Apple",74.271125793457,173788400
2020-03-01,"Apple",72.0716247558594,341397200
2020-04-01,"Apple",58.1064147949219,176218400
2020-05-01,"Apple",69.7223892211914,240616800
2020-06-01,"Apple",77.8389129638672,80791200
2020-07-01,"Apple",88.0594177246094,110737200
2020-08-01,"Apple",105.385429382324,308151200
2020-09-01,"Apple",130.03889465332,151948100
2020-10-01,"Apple",113.185615539551,116120400
2020-11-01,"Apple",105.413124084473,122866900
2020-12-01,"Apple",119.137771606445,127728200
2021-01-01,"Apple",125.632499694824,143301900
2021-02-01,"Apple",130.224426269531,106239800
2021-03-01,"Apple",124.245162963867,116307900
2021-04-01,"Apple",119.588043212891,75089100
2021-05-01,"Apple",128.863433837891,75135100
2021-06-01,"Apple",121.037780761719,67637100
2021-07-01,"Apple",133.688903808594,52485800
2021-08-01,"Apple",141.723678588867,62880000
2021-09-01,"Apple",148.753845214844,80313700
2021-10-01,"Apple",139.136672973633,94639600
2021-11-01,"Apple",145.29133605957,74588300
2021-12-01,"Apple",160.946441650391,152052500
2022-01-01,"Apple",177.786392211914,104487900
2022-02-01,"Apple",170.558120727539,86213900
2022-03-01,"Apple",159.615982055664,83474400
2022-04-01,"Apple",170.482009887695,78751300
2022-05-01,"Apple",154.491073608398,123055300
2022-06-01,"Apple",145.657897949219,74286600
2022-07-01,"Apple",136.078643798828,71051600
2022-08-01,"Apple",158.195205688477,67829400
2022-09-01,"Apple",154.932968139648,74229900
2022-10-01,"Apple",139.720169067383,114311700
2022-11-01,"Apple",147.763046264648,80379300
2022-12-01,"Apple",145.709197998047,71250400
2023-01-01,"Apple",122.876739501953,112117500
2023-02-01,"Apple",142.87971496582,77663600
2023-03-01,"Apple",142.979782104492,55479000
2023-04-01,"Apple",163.505264282227,56976200
2023-05-01,"Apple",166.870422363281,52472900
2023-06-01,"Apple",177.447174072266,68901800
2023-07-01,"Apple",189.635604858398,31458200
2023-08-01,"Apple",192.73942565918,35175100
2023-09-01,"Apple",186.931732177734,45766500
2023-10-01,"Apple",171.431350708008,52164500
2023-11-01,"Apple",171.648452758789,56934900
2023-12-01,"Apple",188.936569213867,45704800
2024-01-01,"Apple",183.403991699219,82488700
2024-02-01,"Apple",184.609344482422,64885400
2024-03-01,"Apple",177.722534179688,73563100
2024-04-01,"Apple",168.196380615234,46240500
2024-05-01,"Apple",167.474243164062,50383100
2024-06-01,"Apple",192.197906494141,50080500
2024-07-01,"Apple",214.703353881836,60402900
2024-08-01,"Apple",216.29817199707,62501000
2024-09-01,"Apple",220.921951293945,50190600
2024-10-01,"Apple",224.333419799805,63285000
2024-11-01,"Apple",221.060775756836,65276700
2024-12-01,"Apple",237.863800048828,48137100
2025-01-01,"Apple",242.093139648438,55740700
2025-02-01,"Apple",226.367248535156,73063300
2025-03-01,"Apple",236.57487487793,47184000
2025-04-01,"Apple",221.825592041016,36412700
2025-05-01,"Apple",212.015960693359,57365700
2025-06-01,"Apple",200.729843139648,35423300
2025-07-01,"Apple",206.820434570312,78788900
2025-08-01,"Apple",201.406600952148,104434500
2025-09-01,"Apple",228.874542236328,44075600
2025-10-01,"Apple",254.509841918945,48713900
2025-11-01,"Apple",268.059783935547,50194600
2025-12-01,"Apple",282.331512451172,46587700
2026-01-01,"Apple",270.274353027344,37838100
2026-02-01,"Apple",269.277038574219,73913400
2026-03-01,"Apple",264.248413085938,41827900
2026-04-01,"Apple",255.174621582031,40059400
2026-05-01,"Apple",279.640960693359,79915400
2026-06-01,"Apple",306.046051025391,48849900
2026-07-01,"Apple",294.126342773438,50164200
2026-08-01,"Apple",303.158569335938,75052000
2026-09-01,"Apple",325.130004882812,53167400
1985-01-01,"IBM",9.67393493652344,3650540
1985-02-01,"IBM",10.8432092666626,3474394
1985-03-01,"IBM",10.9514465332031,5786472
1985-04-01,"IBM",10.3268041610718,3517907
1985-05-01,"IBM",10.1253080368042,4748840
1985-06-01,"IBM",10.4995222091675,5271840
1985-07-01,"IBM",10.1539402008057,3723760
1985-08-01,"IBM",10.7739515304565,5690240
1985-09-01,"IBM",10.4256219863892,4263496
1985-10-01,"IBM",10.3846168518066,5815760
1985-11-01,"IBM",10.7331581115723,4727920
1985-12-01,"IBM",11.4012660980225,2809556
1986-01-01,"IBM",12.5693130493164,7550446
1986-02-01,"IBM",12.7863731384277,5803626
1986-03-01,"IBM",12.5966796875,10691375
1986-04-01,"IBM",12.4197015762329,9229904
1986-05-01,"IBM",13.0651521682739,4895280
1986-06-01,"IBM",12.7728662490845,5355520
1986-07-01,"IBM",12.4687480926514,7317816
1986-08-01,"IBM",11.0215730667114,3183187
1986-09-01,"IBM",11.5061082839966,8075120
1986-10-01,"IBM",11.2522926330566,5230000
1986-11-01,"IBM",10.6917915344238,5146320
1986-12-01,"IBM",10.8714036941528,5062640
1987-01-01,"IBM",10.4126567840576,2866040
1987-02-01,"IBM",11.2874794006348,8368000
1987-03-01,"IBM",11.9179334640503,4351360
1987-04-01,"IBM",13.0043144226074,11087600
1987-05-01,"IBM",13.821798324585,9957920
1987-06-01,"IBM",13.8269548416138,5564720
1987-07-01,"IBM",14.205924987793,6443360
1987-08-01,"IBM",13.7944679260254,8577200
1987-09-01,"IBM",14.2059869766235,9288480
1987-10-01,"IBM",13.4864234924316,7984746
1987-11-01,"IBM",10.8589096069336,6690216
1987-12-01,"IBM",9.79255294799805,6743353
1988-01-01,"IBM",10.6287631988525,7678058
1988-02-01,"IBM",9.68251514434814,7859226
1988-03-01,"IBM",10.4036684036255,8254195
1988-04-01,"IBM",9.55892467498779,6265958
1988-05-01,"IBM",10.1480226516724,4371862
1988-06-01,"IBM",10.1577634811401,9107731
1988-07-01,"IBM",11.3699617385864,4435040
1988-08-01,"IBM",11.3362894058228,4544242
1988-09-01,"IBM",9.98697566986084,6226210
1988-10-01,"IBM",10.4059295654297,4363912
1988-11-01,"IBM",11.2325191497803,5344642
1988-12-01,"IBM",10.8089046478271,3755977
1989-01-01,"IBM",11.06028175354,6041696
1989-02-01,"IBM",11.8486623764038,9072586
1989-03-01,"IBM",11.051230430603,6274326
1989-04-01,"IBM",10.0025701522827,5359704
1989-05-01,"IBM",10.4519929885864,4930007
1989-06-01,"IBM",10.2521085739136,5863458
1989-07-01,"IBM",10.4618148803711,2563955
1989-08-01,"IBM",10.6831674575806,8334528
1989-09-01,"IBM",11.056830406189,4392363
1989-10-01,"IBM",10.2325706481934,6463862
1989-11-01,"IBM",9.4200849533081,7556722
1989-12-01,"IBM",9.26132011413574,6000693
1990-01-01,"IBM",9.34475994110107,7365514
1990-02-01,"IBM",9.32091331481934,7221166
1990-03-01,"IBM",10.0403785705566,4697377
1990-04-01,"IBM",10.2213926315308,5432087
1990-05-01,"IBM",10.426549911499,4879381
1990-06-01,"IBM",11.665994644165,6451728
1990-07-01,"IBM",11.5683717727661,3832544
1990-08-01,"IBM",10.8972005844116,7155895
1990-09-01,"IBM",10.1196355819702,5022892
1990-10-01,"IBM",10.7613773345947,7745839
1990-11-01,"IBM",10.5886011123657,5162638
1990-12-01,"IBM",11.3196887969971,6569717
1991-01-01,"IBM",11.1948900222778,4341737
1991-02-01,"IBM",12.667573928833,8029514
1991-03-01,"IBM",13.2053661346436,7774290
1991-04-01,"IBM",11.3152866363525,5953832
1991-05-01,"IBM",10.4836492538452,8134533
1991-06-01,"IBM",10.8497467041016,5530411
1991-07-01,"IBM",10.033784866333,5625806
1991-08-01,"IBM",10.3270168304443,3778152
1991-09-01,"IBM",10.1167335510254,6938746
1991-10-01,"IBM",10.5941877365112,2938423
1991-11-01,"IBM",10.1554489135742,8945392
1991-12-01,"IBM",9.64173984527588,9823195
1992-01-01,"IBM",9.43270874023438,7451286
1992-02-01,"IBM",9.55029487609863,6356751
1992-03-01,"IBM",9.26818180084229,6030818
1992-04-01,"IBM",8.77829456329346,8236622
1992-05-01,"IBM",9.599196434021,8679290
1992-06-01,"IBM",9.72521781921387,4902811
1992-07-01,"IBM",10.543478012085,6388550
1992-08-01,"IBM",10.1812934875488,2777758
1992-09-01,"IBM",9.52911949157715,4035050
1992-10-01,"IBM",8.71350193023682,8942045
1992-11-01,"IBM",7.49007558822632,9715666
1992-12-01,"IBM",7.5007152557373,8743723
1993-01-01,"IBM",5.54942321777344,14879978
1993-02-01,"IBM",5.82619953155518,12717268
1993-03-01,"IBM",6.12617301940918,10979653
1993-04-01,"IBM",5.8044753074646,8023238
1993-05-01,"IBM",5.51075601577759,5531666
1993-06-01,"IBM",5.88279867172241,8153361
1993-07-01,"IBM",5.57169151306152,3745935
1993-08-01,"IBM",4.96361255645752,5598610
1993-09-01,"IBM",5.21928119659424,8321558
1993-10-01,"IBM",4.99173212051392,13962426
1993-11-01,"IBM",5.43260097503662,16581610
1993-12-01,"IBM",6.07404613494873,9980095
1994-01-01,"IBM",6.58855772018433,5986467
1994-02-01,"IBM",6.45992612838745,7775546
1994-03-01,"IBM",6.1588339805603,8514022
1994-04-01,"IBM",6.0870509147644,11568760
1994-05-01,"IBM",6.66129922866821,6729964
1994-06-01,"IBM",7.32468318939209,7069286
1994-07-01,"IBM",6.57491397857666,15974930
1994-08-01,"IBM",7.25258827209473,7411538
1994-09-01,"IBM",7.86053133010864,11625244
1994-10-01,"IBM",7.97633600234985,4880636
1994-11-01,"IBM",8.55538082122803,10460000
1994-12-01,"IBM",8.07619094848633,6943348
1995-01-01,"IBM",8.57005310058594,4886494
1995-02-01,"IBM",8.55553436279297,13773728
1995-03-01,"IBM",8.78833103179932,8579292
1995-04-01,"IBM",9.6627893447876,7924914
1995-05-01,"IBM",10.7412853240967,14241499
1995-06-01,"IBM",11.0182838439941,10576734
1995-07-01,"IBM",11.4128351211548,2859346
1995-08-01,"IBM",12.8156986236572,12662458
1995-09-01,"IBM",12.0396165847778,7610278
1995-10-01,"IBM",10.9557600021362,9924030
1995-11-01,"IBM",11.351222038269,8614019
1995-12-01,"IBM",11.1304063796997,10526526
1996-01-01,"IBM",10.6752033233643,10495146
1996-02-01,"IBM",12.8043670654297,17061515
1996-03-01,"IBM",13.9065990447998,33659862
1996-04-01,"IBM",12.994197845459,9955828
1996-05-01,"IBM",12.6998872756958,8775522
1996-06-01,"IBM",12.4467105865479,7278068
1996-07-01,"IBM",11.9890089035034,10156660
1996-08-01,"IBM",12.6681890487671,13056590
1996-09-01,"IBM",13.6567316055298,9236598
1996-10-01,"IBM",14.6639566421509,10236156
1996-11-01,"IBM",15.1083145141602,8649583
1996-12-01,"IBM",19.3669910430908,13874144
1997-01-01,"IBM",18.2085285186768,17562340
1997-02-01,"IBM",18.4016151428223,11086763
1997-03-01,"IBM",17.283821105957,13823518
1997-04-01,"IBM",16.2863883972168,12256610
1997-05-01,"IBM",19.2191333770752,12523967
1997-06-01,"IBM",20.8027858734131,6912596
1997-07-01,"IBM",21.9219932556152,5493174
1997-08-01,"IBM",25.0110874176025,8371766
1997-09-01,"IBM",24.893087387085,9504584
1997-10-01,"IBM",24.7585258483887,7917383
1997-11-01,"IBM",24.3100090026855,9067983
1997-12-01,"IBM",26.9789028167725,12164352
1998-01-01,"IBM",25.3161220550537,5512420
1998-02-01,"IBM",24.1027488708496,7191668
1998-03-01,"IBM",24.4814853668213,7301498
1998-04-01,"IBM",25.081880569458,5522462
1998-05-01,"IBM",28.0689086914062,5180838
1998-06-01,"IBM",28.1965942382812,7643540
1998-07-01,"IBM",28.0913314819336,6624109
1998-08-01,"IBM",31.9411239624023,8740167
1998-09-01,"IBM",28.4256286621094,17572172
1998-10-01,"IBM",30.2182350158691,13114120
1998-11-01,"IBM",35.7617835998535,7285808
1998-12-01,"IBM",41.0043106079102,7611324
1999-01-01,"IBM",44.1724090576172,8524482
1999-02-01,"IBM",43.3878936767578,7747931
1999-03-01,"IBM",40.696174621582,10031977
1999-04-01,"IBM",42.780818939209,5555097
1999-05-01,"IBM",51.300724029541,9447681
1999-06-01,"IBM",54.2020416259766,7487791
1999-07-01,"IBM",63.3969993591309,6183534
1999-08-01,"IBM",59.1624641418457,4775095
1999-09-01,"IBM",61.6422843933105,6552562
1999-10-01,"IBM",57.0403289794922,11044609
1999-11-01,"IBM",46.8674926757812,9991183
1999-12-01,"IBM",50.1661834716797,5581874
2000-01-01,"IBM",56.2673530578613,10823694
2000-02-01,"IBM",53.3570137023926,7640716
2000-03-01,"IBM",48.678825378418,11304959
2000-04-01,"IBM",59.2400436401367,8070518
2000-05-01,"IBM",54.3843078613281,4389121
2000-06-01,"IBM",51.5329513549805,5975275
2000-07-01,"IBM",53.234546661377,2410402
2000-08-01,"IBM",53.7206687927246,3134339
2000-09-01,"IBM",65.0358428955078,6042010
2000-10-01,"IBM",57.3398132324219,9280321
2000-11-01,"IBM",47.9708023071289,7809645
2000-12-01,"IBM",46.6002769470215,7871255
2001-01-01,"IBM",41.3310928344727,8375531
2001-02-01,"IBM",55.5792045593262,5837517
2001-03-01,"IBM",51.7395248413086,15796692
2001-04-01,"IBM",46.1825942993164,9191202
2001-05-01,"IBM",57.8185234069824,8149177
2001-06-01,"IBM",55.1432304382324,5375289
2001-07-01,"IBM",55.8564071655273,6185103
2001-08-01,"IBM",52.2954521179199,6313761
2001-09-01,"IBM",49.6401023864746,10346823
2001-10-01,"IBM",45.3456764221191,9075305
2001-11-01,"IBM",53.7486724853516,8393104
2001-12-01,"IBM",55.8913688659668,6051947
2002-01-01,"IBM",59.5005645751953,7178489
2002-02-01,"IBM",52.8893814086914,7112277
2002-03-01,"IBM",50.5171508789062,10975573
2002-04-01,"IBM",50.4386787414551,5844002
2002-05-01,"IBM",41.3375549316406,12765175
2002-06-01,"IBM",38.3774604797363,8769246
2002-07-01,"IBM",33.213623046875,12610471
2002-08-01,"IBM",33.5329895019531,9238272
2002-09-01,"IBM",35.6261291503906,7164472
2002-10-01,"IBM",30.1209411621094,12178369
2002-11-01,"IBM",39.5900573730469,9827379
2002-12-01,"IBM",43.0667877197266,10140133
2003-01-01,"IBM",39.7467575073242,8226267
2003-02-01,"IBM",38.5677108764648,6990941
2003-03-01,"IBM",38.2226104736328,6922742
2003-04-01,"IBM",38.9146003723145,8223024
2003-05-01,"IBM",42.4536323547363,7830042
2003-06-01,"IBM",43.2444534301758,8051271
2003-07-01,"IBM",41.3924713134766,6051947
2003-08-01,"IBM",40.2436447143555,6773268
2003-09-01,"IBM",42.552303314209,12977094
2003-10-01,"IBM",44.829761505127,8289759
2003-11-01,"IBM",44.4973297119141,6093159
2003-12-01,"IBM",45.2390365600586,5475705
2004-01-01,"IBM",45.507453918457,5572879
2004-02-01,"IBM",49.4045562744141,6485200
2004-03-01,"IBM",48.3145904541016,4658884
2004-04-01,"IBM",45.9894866943359,4442257
2004-05-01,"IBM",43.8237113952637,6349325
2004-06-01,"IBM",43.9624214172363,5108978
2004-07-01,"IBM",43.6531066894531,5328219
2004-08-01,"IBM",43.2490310668945,3565186
2004-09-01,"IBM",42.1057167053223,4966931
2004-10-01,"IBM",43.3555870056152,4746748
2004-11-01,"IBM",45.0504188537598,5397988
2004-12-01,"IBM",48.0278244018555,5925067
2005-01-01,"IBM",48.9645156860352,5538779
2005-02-01,"IBM",47.0159492492676,3804720
2005-03-01,"IBM",46.8246078491211,3995615
2005-04-01,"IBM",45.3892478942871,5984375
2005-05-01,"IBM",38.3981895446777,7565195
2005-06-01,"IBM",38.6662254333496,7720108
2005-07-01,"IBM",37.574275970459,4553343
2005-08-01,"IBM",41.9823608398438,3832858
2005-09-01,"IBM",40.1211547851562,6684568
2005-10-01,"IBM",40.5801582336426,5541290
2005-11-01,"IBM",41.1551971435547,5913143
2005-12-01,"IBM",45.1067428588867,4883251
2006-01-01,"IBM",41.4915237426758,12253995
2006-02-01,"IBM",41.4308395385742,5668588
2006-03-01,"IBM",40.5008163452148,5410226
2006-04-01,"IBM",42.1025886535645,4311194
2006-05-01,"IBM",41.6818695068359,6287611
2006-06-01,"IBM",41.0491409301758,5090359
2006-07-01,"IBM",39.6908264160156,3323456
2006-08-01,"IBM",38.7344398498535,4609408
2006-09-01,"IBM",41.5806045532227,3445524
2006-10-01,"IBM",41.8155517578125,4689532
2006-11-01,"IBM",46.8873405456543,6114602
2006-12-01,"IBM",46.757682800293,5695888
2007-01-01,"IBM",49.8423843383789,9619853
2007-02-01,"IBM",50.7288398742676,6914792
2007-03-01,"IBM",47.4228057861328,13457522
2007-04-01,"IBM",48.9338188171387,6154350
2007-05-01,"IBM",53.0249252319336,9068925
2007-06-01,"IBM",54.9701042175293,5532503
2007-07-01,"IBM",54.1806716918945,4917560
2007-08-01,"IBM",57.8078727722168,12960254
2007-09-01,"IBM",61.1966514587402,8441743
2007-10-01,"IBM",61.6315956115723,7089056
2007-11-01,"IBM",58.845890045166,7943742
2007-12-01,"IBM",54.9912147521973,8283065
2008-01-01,"IBM",54.3988380432129,9940661
2008-02-01,"IBM",56.6800003051758,8417267
2008-03-01,"IBM",59.582950592041,6627142
2008-04-01,"IBM",60.7617607116699,12421668
2008-05-01,"IBM",64.4756088256836,8608789
2008-06-01,"IBM",66.7031631469727,7948868
2008-07-01,"IBM",62.4661293029785,10532592
2008-08-01,"IBM",66.3260803222656,5166926
2008-09-01,"IBM",62.2572402954102,12290291
2008-10-01,"IBM",57.9038543701172,13738582
2008-11-01,"IBM",48.7290382385254,8039870
2008-12-01,"IBM",40.6583099365234,10737190
2009-01-01,"IBM",46.193962097168,7905877
2009-02-01,"IBM",48.0761756896973,10383014
2009-03-01,"IBM",47.3383483886719,15932358
2009-04-01,"IBM",51.8887557983398,12774693
2009-05-01,"IBM",55.6099243164062,6520973
2009-06-01,"IBM",57.9096069335938,8080350
2009-07-01,"IBM",56.0232772827148,5792016
2009-08-01,"IBM",64.0815658569336,6389177
2009-09-01,"IBM",62.6464080810547,6593775
2009-10-01,"IBM",63.2959823608398,7392605
2009-11-01,"IBM",64.7240600585938,7373672
2009-12-01,"IBM",68.9943618774414,6881216
2010-01-01,"IBM",71.4264602661133,6438444
2010-02-01,"IBM",67.2309188842773,7576073
2010-03-01,"IBM",69.6442031860352,4788274
2010-04-01,"IBM",69.4708557128906,5209603
2010-05-01,"IBM",70.2021331787109,5221737
2010-06-01,"IBM",67.6981430053711,7463628
2010-07-01,"IBM",66.7343978881836,10190237
2010-08-01,"IBM",71.1935348510742,6733625
2010-09-01,"IBM",68.8160018920898,5881763
2010-10-01,"IBM",74.2164535522461,5879775
2010-11-01,"IBM",78.4186172485352,5935632
2010-12-01,"IBM",79.3661346435547,7136649
2011-01-01,"IBM",81.0533905029297,4815575
2011-02-01,"IBM",89.8907775878906,6099540
2011-03-01,"IBM",88.2658615112305,4584409
2011-04-01,"IBM",90.6384124755859,4583467
2011-05-01,"IBM",94.9863586425781,5644425
2011-06-01,"IBM",92.3129653930664,5370792
2011-07-01,"IBM",96.7357406616211,5420058
2011-08-01,"IBM",100.17756652832,6111464
2011-09-01,"IBM",94.8134765625,5715239
2011-10-01,"IBM",96.4611968994141,9458560
2011-11-01,"IBM",100.947738647461,6151735
2011-12-01,"IBM",105.880508422852,5082305
2012-01-01,"IBM",104.120025634766,5905716
2012-02-01,"IBM",107.652145385742,5322885
2012-03-01,"IBM",110.826141357422,3724074
2012-04-01,"IBM",117.525253295898,3543743
2012-05-01,"IBM",116.700454711914,2840831
2012-06-01,"IBM",106.529663085938,5445894
2012-07-01,"IBM",110.332633972168,2957042
2012-08-01,"IBM",109.966453552246,2677028
2012-09-01,"IBM",110.073844909668,4722062
2012-10-01,"IBM",119.087272644043,5707917
2012-11-01,"IBM",111.55061340332,3931705
2012-12-01,"IBM",107.680038452148,3503682
2013-01-01,"IBM",111.58415222168,4428869
2013-02-01,"IBM",116.602241516113,3525752
2013-03-01,"IBM",115.797515869141,3460482
2013-04-01,"IBM",121.201942443848,2243147
2013-05-01,"IBM",113.92569732666,5124459
2013-06-01,"IBM",119.80339050293,3474812
2013-07-01,"IBM",109.672134399414,4646750
2013-08-01,"IBM",112.269470214844,3010074
2013-09-01,"IBM",106.002403259277,3647611
2013-10-01,"IBM",107.396842956543,2804535
2013-11-01,"IBM",103.27685546875,3812147
2013-12-01,"IBM",102.817665100098,4769760
2014-01-01,"IBM",107.481254577637,4755639
2014-02-01,"IBM",100.164405822754,7517393
2014-03-01,"IBM",107.330680847168,4131805
2014-04-01,"IBM",113.29541015625,5642229
2014-05-01,"IBM",112.730422973633,3843004
2014-06-01,"IBM",108.793403625488,3347723
2014-07-01,"IBM",109.18009185791,6948683
2014-08-01,"IBM",110.820571899414,5419431
2014-09-01,"IBM",112.896324157715,2802966
2014-10-01,"IBM",110.309020996094,3894467
2014-11-01,"IBM",96.8659286499023,4903857
2014-12-01,"IBM",95.8555297851562,4360146
2015-01-01,"IBM",96.1640701293945,5779673
2015-02-01,"IBM",91.7730560302734,4928961
2015-03-01,"IBM",95.89453125,6190123
2015-04-01,"IBM",95.1177520751953,3871037
2015-05-01,"IBM",103.776237487793,3464457
2015-06-01,"IBM",102.460311889648,3122833
2015-07-01,"IBM",99.0345611572266,3362367
2015-08-01,"IBM",95.5546112060547,4828022
2015-09-01,"IBM",86.6165313720703,5514512
2015-10-01,"IBM",87.1689529418945,4059421
2015-11-01,"IBM",85.2142028808594,3998021
2015-12-01,"IBM",86.5711517333984,4388075
2016-01-01,"IBM",83.3050918579102,5469952
2016-02-01,"IBM",76.4911804199219,3739345
2016-03-01,"IBM",83.1779632568359,3962771
2016-04-01,"IBM",94.413215637207,4106073
2016-05-01,"IBM",89.9253311157227,3663510
2016-06-01,"IBM",95.318115234375,2785916
2016-07-01,"IBM",95.2180938720703,2780582
2016-08-01,"IBM",100.905586242676,2953486
2016-09-01,"IBM",100.572998046875,2466886
2016-10-01,"IBM",99.3563537597656,2330279
2016-11-01,"IBM",96.3178405761719,3338727
2016-12-01,"IBM",101.663513183594,4848942
2017-01-01,"IBM",106.351676940918,3069278
2017-02-01,"IBM",110.868064880371,2924302
2017-03-01,"IBM",116.655815124512,3143858
2017-04-01,"IBM",111.879348754883,4483679
2017-05-01,"IBM",101.839027404785,5162324
2017-06-01,"IBM",98.8394165039062,3052333
2017-07-01,"IBM",100.723350524902,2952335
2017-08-01,"IBM",94.0680236816406,3367597
2017-09-01,"IBM",94.2637405395508,3505878
2017-10-01,"IBM",95.9516677856445,3109967
2017-11-01,"IBM",100.773460388184,3389249
2017-12-01,"IBM",102.263107299805,5824023
2018-01-01,"IBM",101.926094055176,4395815
2018-02-01,"IBM",107.311508178711,4638173
2018-03-01,"IBM",102.636047363281,4225108
2018-04-01,"IBM",100.14037322998,5387318
2018-05-01,"IBM",96.7571716308594,4637336
2018-06-01,"IBM",95.7734527587891,4034945
2018-07-01,"IBM",94.3633422851562,3562048
2018-08-01,"IBM",96.8192520141602,3544266
2018-09-01,"IBM",99.3519897460938,3479205
2018-10-01,"IBM",104.344131469727,3930240
2018-11-01,"IBM",79.676643371582,14253528
2018-12-01,"IBM",86.5483169555664,6115334
2019-01-01,"IBM",79.5725173950195,4434935
2019-02-01,"IBM",92.6193542480469,3981076
2019-03-01,"IBM",97.2620010375977,3169380
2019-04-01,"IBM",100.12670135498,4167578
2019-05-01,"IBM",98.2122192382812,3194170
2019-06-01,"IBM",90.6895751953125,4463177
2019-07-01,"IBM",98.8980484008789,3533074
2019-08-01,"IBM",106.279357910156,6635824
2019-09-01,"IBM",95.9286270141602,2957983
2019-10-01,"IBM",102.767379760742,3096997
2019-11-01,"IBM",96.9515838623047,3231931
2019-12-01,"IBM",96.2003021240234,3208187
2020-01-01,"IBM",98.0170516967773,3293436
2020-02-01,"IBM",105.870300292969,9295488
2020-03-01,"IBM",98.2214202880859,8923844
2020-04-01,"IBM",76.89501953125,6394093
2020-05-01,"IBM",89.1306533813477,5152073
2020-06-01,"IBM",92.564338684082,3003798
2020-07-01,"IBM",87.85791015625,4869967
2020-08-01,"IBM",92.1344299316406,3688301
2020-09-01,"IBM",92.6575012207031,3300444
2020-10-01,"IBM",90.9229888916016,3359438
2020-11-01,"IBM",84.7808685302734,5555829
2020-12-01,"IBM",93.8182754516602,5553319
2021-01-01,"IBM",94.4124374389648,5417443
2021-02-01,"IBM",91.8224639892578,6538023
2021-03-01,"IBM",93.2038497924805,5977367
2021-04-01,"IBM",102.84538269043,4261404
2021-05-01,"IBM",111.738082885742,5997241
2021-06-01,"IBM",112.549468994141,2528705
2021-07-01,"IBM",114.617980957031,2809661
2021-08-01,"IBM",110.387306213379,3064257
2021-09-01,"IBM",109.984329223633,2588327
2021-10-01,"IBM",113.158332824707,6907889
2021-11-01,"IBM",99.7043685913086,6177153
2021-12-01,"IBM",97.8491821289062,5958300
2022-01-01,"IBM",113.85050201416,4605900
2022-02-01,"IBM",113.423698425293,6206400
2022-03-01,"IBM",102.779876708984,4873300
2022-04-01,"IBM",110.23323059082,4012400
2022-05-01,"IBM",112.681007385254,4213500
2022-06-01,"IBM",119.525657653809,3796500
2022-07-01,"IBM",120.974395751953,4011900
2022-08-01,"IBM",113.190612792969,4142100
2022-09-01,"IBM",112.550796508789,3396200
2022-10-01,"IBM",105.476226806641,4261700
2022-11-01,"IBM",119.963897705078,3590600
2022-12-01,"IBM",131.021423339844,4495900
2023-01-01,"IBM",124.336860656738,3338600
2023-02-01,"IBM",118.662422180176,5428900
2023-03-01,"IBM",113.984580993652,3760700
2023-04-01,"IBM",117.425720214844,3840100
2023-05-01,"IBM",112.117294311523,2725000
2023-06-01,"IBM",117.007965087891,4136100
2023-07-01,"IBM",120.477996826172,1477100
2023-08-01,"IBM",129.184692382812,4797700
2023-09-01,"IBM",134.874114990234,2727800
2023-10-01,"IBM",128.364730834961,3275300
2023-11-01,"IBM",132.558441162109,4750100
2023-12-01,"IBM",148.030426025391,4871900
2024-01-01,"IBM",148.906372070312,3825000
2024-02-01,"IBM",172.32568359375,4669400
2024-03-01,"IBM",175.106292724609,4018400
2024-04-01,"IBM",176.622924804688,2364300
2024-05-01,"IBM",152.99006652832,4029900
2024-06-01,"IBM",155.307495117188,2776100
2024-07-01,"IBM",164.534973144531,3321000
2024-08-01,"IBM",178.216506958008,4085400
2024-09-01,"IBM",190.789581298828,3874700
2024-10-01,"IBM",207.917816162109,3548400
2024-11-01,"IBM",197.396301269531,3334100
2024-12-01,"IBM",217.237457275391,2655900
2025-01-01,"IBM",210.120101928711,2579500
2025-02-01,"IBM",249.088928222656,8408500
2025-03-01,"IBM",240.611877441406,2977700
2025-04-01,"IBM",240.756118774414,4412900
2025-05-01,"IBM",230.484985351562,4243300
2025-06-01,"IBM",255.485885620117,2831900
2025-07-01,"IBM",281.915466308594,3272800
2025-08-01,"IBM",242.077499389648,9683400
2025-09-01,"IBM",235.380828857422,3469500
2025-10-01,"IBM",279.230834960938,4381300
2025-11-01,"IBM",297.008728027344,4958000
2025-12-01,"IBM",299.567504882812,3166600
2026-01-01,"IBM",285.680450439453,4662800
2026-02-01,"IBM",308.446655273438,4581200
2026-03-01,"IBM",235.928680419922,6220300
2026-04-01,"IBM",239.644485473633,4228700
2026-05-01,"IBM",228.861755371094,3582100
2026-06-01,"IBM",318.137847900391,32880200
2026-07-01,"IBM",284.211212158203,6905800
2026-08-01,"IBM",224.698135375977,7974700
2026-09-01,"IBM",231.399993896484,3236800
1985-01-01,"Intel",0.319439709186554,27259200
1985-02-01,"Intel",0.348479390144348,17068800
1985-03-01,"Intel",0.325247257947922,30768000
1985-04-01,"Intel",0.333959221839905,34238400
1985-05-01,"Intel",0.310727477073669,19166400
1985-06-01,"Intel",0.307823240756989,35952000
1985-07-01,"Intel",0.304919481277466,13296000
1985-08-01,"Intel",0.342671126127243,47001600
1985-09-01,"Intel",0.299111217260361,5212800
1985-10-01,"Intel",0.302015513181686,12724800
1985-11-01,"Intel",0.299111217260361,19108800
1985-12-01,"Intel",0.325247257947922,12388800
1986-01-01,"Intel",0.333959221839905,12508800
1986-02-01,"Intel",0.333959221839905,21004800
1986-03-01,"Intel",0.304919481277466,61262400
1986-04-01,"Intel",0.293303728103638,44630400
1986-05-01,"Intel",0.333959221839905,16646400
1986-06-01,"Intel",0.304919481277466,26136000
1986-07-01,"Intel",0.264263153076172,17217600
1986-08-01,"Intel",0.21199144423008,40636800
1986-09-01,"Intel",0.252647429704666,35164800
1986-10-01,"Intel",0.227963447570801,26827200
1986-11-01,"Intel",0.235223546624184,15993600
1986-12-01,"Intel",0.272975385189056,35688000
1987-01-01,"Intel",0.246839329600334,5788800
1987-02-01,"Intel",0.403654932975769,249600000
1987-03-01,"Intel",0.429791063070297,67200000
1987-04-01,"Intel",0.476254969835281,66720000
1987-05-01,"Intel",0.537239074707031,46454400
1987-06-01,"Intel",0.490774750709534,33244800
1987-07-01,"Intel",0.528527081012726,60000000
1987-08-01,"Intel",0.531430840492249,43200000
1987-09-01,"Intel",0.608387351036072,44740800
1987-10-01,"Intel",0.70276689529419,93600000
1987-11-01,"Intel",0.461734980344772,64000000
1987-12-01,"Intel",0.378971576690674,31769600
1988-01-01,"Intel",0.483515352010727,38400000
1988-02-01,"Intel",0.431243509054184,44160000
1988-03-01,"Intel",0.492227256298065,59840000
1988-04-01,"Intel",0.516185104846954,33920000
1988-05-01,"Intel",0.553211152553558,16131200
1988-06-01,"Intel",0.544499337673187,49280000
1988-07-01,"Intel",0.631618916988373,43708800
1988-08-01,"Intel",0.609838962554932,24812800
1988-09-01,"Intel",0.466091245412827,110915200
1988-10-01,"Intel",0.459557205438614,66560000
1988-11-01,"Intel",0.429065048694611,38732800
1988-12-01,"Intel",0.36154767870903,64003200
1989-01-01,"Intel",0.413819432258606,44566400
1989-02-01,"Intel",0.466091245412827,133936000
1989-03-01,"Intel",0.45084536075592,34886400
1989-04-01,"Intel",0.45084536075592,37027200
1989-05-01,"Intel",0.505294859409332,29603200
1989-06-01,"Intel",0.577168703079224,46771200
1989-07-01,"Intel",0.496582955121994,25654400
1989-08-01,"Intel",0.509651243686676,36284800
1989-09-01,"Intel",0.527075588703156,17312000
1989-10-01,"Intel",0.564101278781891,39539200
1989-11-01,"Intel",0.579347372055054,18195200
1989-12-01,"Intel",0.614194929599762,91065600
1990-01-01,"Intel",0.627263009548187,63833600
1990-02-01,"Intel",0.679534554481506,44828800
1990-03-01,"Intel",0.707848489284515,89718400
1990-04-01,"Intel",0.72527277469635,77910400
1990-05-01,"Intel",0.690424680709839,31152000
1990-06-01,"Intel",0.827638387680054,61049600
1990-07-01,"Intel",0.827638387680054,36518400
1990-08-01,"Intel",0.740518510341644,68611200
1990-09-01,"Intel",0.583702802658081,42582400
1990-10-01,"Intel",0.592415034770966,74070400
1990-11-01,"Intel",0.583702802658081,30390400
1990-12-01,"Intel",0.657754778862,62732800
1991-01-01,"Intel",0.670822441577911,27174400
1991-02-01,"Intel",0.818926334381104,110697600
1991-03-01,"Intel",0.831995189189911,46179200
1991-04-01,"Intel",0.827638387680054,42345600
1991-05-01,"Intel",0.845062613487244,81126400
1991-06-01,"Intel",1.0193018913269,115529600
1991-07-01,"Intel",0.792790710926056,88124800
1991-08-01,"Intel",0.864664196968079,100476800
1991-09-01,"Intel",0.845062613487244,65075200
1991-10-01,"Intel",0.716560244560242,37068800
1991-11-01,"Intel",0.729628562927246,120761600
1991-12-01,"Intel",0.729628562927246,37974400
1992-01-01,"Intel",0.87555468082428,76608000
1992-02-01,"Intel",1.04108262062073,37724800
1992-03-01,"Intel",1.14562654495239,49091200
1992-04-01,"Intel",0.971386551856995,116704000
1992-05-01,"Intel",0.916936218738556,31638400
1992-06-01,"Intel",0.888622879981995,41945600
1992-07-01,"Intel",1.01058971881866,45616000
1992-08-01,"Intel",1.0606837272644,44464000
1992-09-01,"Intel",1.03019237518311,68992000
1992-10-01,"Intel",1.11077797412872,40304000
1992-11-01,"Intel",1.18223536014557,30457600
1992-12-01,"Intel",1.27384734153748,64393600
1993-01-01,"Intel",1.5094221830368,59820800
1993-02-01,"Intel",1.94303262233734,102080000
1993-03-01,"Intel",2.01289463043213,97376000
1993-04-01,"Intel",1.94739723205566,104662400
1993-05-01,"Intel",1.69597661495209,69446400
1993-06-01,"Intel",2.01943707466125,134483200
1993-07-01,"Intel",1.88830459117889,75560000
1993-08-01,"Intel",1.84200358390808,31742400
1993-09-01,"Intel",2.2226550579071,45500800
1993-10-01,"Intel",2.55517792701721,81172800
1993-11-01,"Intel",2.21564745903015,28537600
1993-12-01,"Intel",2.19813394546509,85136000
1994-01-01,"Intel",2.145587682724,45019200
1994-02-01,"Intel",2.26555490493774,79480000
1994-03-01,"Intel",2.34004974365234,70532800
1994-04-01,"Intel",2.35757875442505,67182400
1994-05-01,"Intel",2.12270140647888,69673600
1994-06-01,"Intel",2.26688385009766,85726400
1994-07-01,"Intel",2.07007336616516,58856000
1994-08-01,"Intel",2.09417533874512,61104000
1994-09-01,"Intel",2.25661706924438,79297600
1994-10-01,"Intel",2.116126537323,74857600
1994-11-01,"Intel",2.15783643722534,27600000
1994-12-01,"Intel",2.20178461074829,199961600
1995-01-01,"Intel",2.24133706092834,41721600
1995-02-01,"Intel",2.48515462875366,75233600
1995-03-01,"Intel",2.77105522155762,65336000
1995-04-01,"Intel",3.11413979530334,94400000
1995-05-01,"Intel",3.66623330116272,115844800
1995-06-01,"Intel",4.04033756256104,117364800
1995-07-01,"Intel",4.45845556259155,13020800
1995-08-01,"Intel",4.4566445350647,94556800
1995-09-01,"Intel",4.28930139541626,34721600
1995-10-01,"Intel",4.16599559783936,59953600
1995-11-01,"Intel",4.99244689941406,76340800
1995-12-01,"Intel",4.30064344406128,58219200
1996-01-01,"Intel",4.13319969177246,62854400
1996-02-01,"Intel",3.96867299079895,66874400
1996-03-01,"Intel",3.9554431438446,145034400
1996-04-01,"Intel",4.03040885925293,28519200
1996-05-01,"Intel",4.79163455963135,52056800
1996-06-01,"Intel",5.40934133529663,69614400
1996-07-01,"Intel",5.30344676971436,35018400
1996-08-01,"Intel",5.43954706192017,81130400
1996-09-01,"Intel",5.76627349853516,50458400
1996-10-01,"Intel",6.76411151885986,55946400
1996-11-01,"Intel",7.68615484237671,61486400
1996-12-01,"Intel",8.98484992980957,62268000
1997-01-01,"Intel",9.21455097198486,97639200
1997-02-01,"Intel",11.5860776901245,77328000
1997-03-01,"Intel",10.3134679794312,82524000
1997-04-01,"Intel",9.84949111938477,90782400
1997-05-01,"Intel",10.8739557266235,96868000
1997-06-01,"Intel",10.5910501480103,186443200
1997-07-01,"Intel",9.83517742156982,120094400
1997-08-01,"Intel",13.2477378845215,87386800
1997-09-01,"Intel",13.4511442184448,50916400
1997-10-01,"Intel",13.194676399231,74075600
1997-11-01,"Intel",11.1115083694458,66579600
1997-12-01,"Intel",11.5361576080322,69122000
1998-01-01,"Intel",10.2799119949341,40927200
1998-02-01,"Intel",11.761773109436,62426000
1998-03-01,"Intel",12.4078283309937,71733600
1998-04-01,"Intel",10.97412109375,60100800
1998-05-01,"Intel",11.6334209442139,45786400
1998-06-01,"Intel",9.63254833221436,108380000
1998-07-01,"Intel",10.650691986084,69999600
1998-08-01,"Intel",12.0141201019287,55863600
1998-09-01,"Intel",10.7697296142578,109021200
1998-10-01,"Intel",11.8236675262451,61390000
1998-11-01,"Intel",13.0104722976685,52581200
1998-12-01,"Intel",16.3035087585449,76924400
1999-01-01,"Intel",17.1275482177734,65404800
1999-02-01,"Intel",19.5464973449707,52246000
1999-03-01,"Intel",16.6033096313477,128595600
1999-04-01,"Intel",17.1440525054932,32888800
1999-05-01,"Intel",17.906400680542,29665000
1999-06-01,"Intel",14.3853120803833,57058600
1999-07-01,"Intel",17.844165802002,61648600
1999-08-01,"Intel",20.2387599945068,77483200
1999-09-01,"Intel",23.6896190643311,53947000
1999-10-01,"Intel",21.2763042449951,37753600
1999-11-01,"Intel",21.5779647827148,45868200
1999-12-01,"Intel",21.67506980896,45556600
2000-01-01,"Intel",24.710657119751,57710200
2000-02-01,"Intel",28.811351776123,48051400
2000-03-01,"Intel",32.9219131469727,40813000
2000-04-01,"Intel",37.1126136779785,50071600
2000-05-01,"Intel",36.1182098388672,42389800
2000-06-01,"Intel",36.8553848266602,45978400
2000-07-01,"Intel",38.8979568481445,15083800
2000-08-01,"Intel",36.731029510498,25001100
2000-09-01,"Intel",42.0373001098633,18322000
2000-10-01,"Intel",22.813138961792,66785700
2000-11-01,"Intel",25.5137710571289,47654600
2000-12-01,"Intel",19.4101333618164,1155400
2001-01-01,"Intel",17.6682033538818,50342900
2001-02-01,"Intel",21.5075778961182,50297000
2001-03-01,"Intel",16.5754547119141,56268300
2001-04-01,"Intel",14.6813726425171,44925500
2001-05-01,"Intel",17.744987487793,37209500
2001-06-01,"Intel",16.3665962219238,60601900
2001-07-01,"Intel",17.118293762207,38578300
2001-08-01,"Intel",17.5112323760986,45023900
2001-09-01,"Intel",15.2998247146606,54390700
2001-10-01,"Intel",11.4022150039673,44631700
2001-11-01,"Intel",14.7812814712524,54534000
2001-12-01,"Intel",18.271110534668,43008300
2002-01-01,"Intel",18.8185634613037,42357300
2002-02-01,"Intel",19.7708988189697,39369800
2002-03-01,"Intel",17.6770343780518,58489400
2002-04-01,"Intel",17.7854557037354,32592200
2002-05-01,"Intel",16.3361339569092,46014800
2002-06-01,"Intel",15.2001571655273,34869600
2002-07-01,"Intel",10.0154247283936,48681300
2002-08-01,"Intel",10.0268497467041,55134100
2002-09-01,"Intel",9.06699466705322,58140400
2002-10-01,"Intel",8.38667964935303,68218600
2002-11-01,"Intel",10.4619150161743,85017800
2002-12-01,"Intel",12.0468921661377,83017000
2003-01-01,"Intel",9.55167293548584,57135100
2003-02-01,"Intel",9.03088188171387,43773800
2003-03-01,"Intel",9.54671001434326,58274100
2003-04-01,"Intel",9.40918064117432,45993300
2003-05-01,"Intel",10.6182842254639,52929100
2003-06-01,"Intel",11.6906776428223,73472400
2003-07-01,"Intel",12.2815189361572,64496600
2003-08-01,"Intel",14.3523368835449,48494900
2003-09-01,"Intel",16.499397277832,58841200
2003-10-01,"Intel",16.436243057251,59519900
2003-11-01,"Intel",19.5420742034912,53324900
2003-12-01,"Intel",19.5537014007568,47063000
2004-01-01,"Intel",18.4737606048584,37343200
2004-02-01,"Intel",17.4167938232422,65039500
2004-03-01,"Intel",17.07666015625,65372800
2004-04-01,"Intel",15.7480278015137,55051700
2004-05-01,"Intel",14.9773035049438,61588700
2004-06-01,"Intel",16.3192806243896,51164300
2004-07-01,"Intel",15.5646657943726,68757000
2004-08-01,"Intel",14.343448638916,67142500
2004-09-01,"Intel",12.3650455474854,61731300
2004-10-01,"Intel",12.030387878418,73823500
2004-11-01,"Intel",12.9478178024292,49790900
2004-12-01,"Intel",13.3522577285767,84149400
2005-01-01,"Intel",13.3349132537842,64246900
2005-02-01,"Intel",13.0805864334106,67031800
2005-03-01,"Intel",14.2814512252808,84308400
2005-04-01,"Intel",13.3475198745728,68253800
2005-05-01,"Intel",13.6607666015625,41187800
2005-06-01,"Intel",15.8835687637329,77530200
2005-07-01,"Intel",15.2549753189087,30414000
2005-08-01,"Intel",15.7788009643555,34737200
2005-09-01,"Intel",14.7448501586914,49495400
2005-10-01,"Intel",14.3595895767212,49168200
2005-11-01,"Intel",13.2213344573975,84900700
2005-12-01,"Intel",15.9200973510742,49840000
2006-01-01,"Intel",14.977068901062,56401200
2006-02-01,"Intel",12.6224460601807,71658400
2006-03-01,"Intel",12.2408895492554,80722800
2006-04-01,"Intel",11.3875598907471,73344300
2006-05-01,"Intel",11.4699468612671,75869800
2006-06-01,"Intel",10.6710901260376,76997200
2006-07-01,"Intel",11.4518966674805,25048100
2006-08-01,"Intel",10.4463090896606,39658000
2006-09-01,"Intel",11.8267297744751,68302800
2006-10-01,"Intel",12.1598691940308,51710400
2006-11-01,"Intel",12.504919052124,57883600
2006-12-01,"Intel",12.5118846893311,65117600
2007-01-01,"Intel",12.1651573181152,69001200
2007-02-01,"Intel",12.6194877624512,50473200
2007-03-01,"Intel",11.7735004425049,108287900
2007-04-01,"Intel",11.4970397949219,54240600
2007-05-01,"Intel",13.1017017364502,60719800
2007-06-01,"Intel",13.5078563690186,48706100
2007-07-01,"Intel",14.6617097854614,48790600
2007-08-01,"Intel",14.3777809143066,92766600
2007-09-01,"Intel",15.8894491195679,77887400
2007-10-01,"Intel",16.0047607421875,54672800
2007-11-01,"Intel",16.0836563110352,86590500
2007-12-01,"Intel",15.9993886947632,56131600
2008-01-01,"Intel",15.4508409500122,84278800
2008-02-01,"Intel",13.2688293457031,66087600
2008-03-01,"Intel",12.2701921463013,75603600
2008-04-01,"Intel",13.4720668792725,55507200
2008-05-01,"Intel",14.2814960479736,71506000
2008-06-01,"Intel",14.3112697601318,50569500
2008-07-01,"Intel",13.3057880401611,66857400
2008-08-01,"Intel",13.7869386672974,42123200
2008-09-01,"Intel",14.0159549713135,44071100
2008-10-01,"Intel",11.4958086013794,74450600
2008-11-01,"Intel",9.70812320709229,54065800
2008-12-01,"Intel",7.86400461196899,60830800
2009-01-01,"Intel",9.51695156097412,52208200
2009-02-01,"Intel",8.53395080566406,69886500
2009-03-01,"Intel",7.78687906265259,64495900
2009-04-01,"Intel",9.50745487213135,75052800
2009-05-01,"Intel",10.0008544921875,50861600
2009-06-01,"Intel",10.5257759094238,75465600
2009-07-01,"Intel",10.8702583312988,92515000
2009-08-01,"Intel",12.3566226959229,44330800
2009-09-01,"Intel",12.6717252731323,74478300
2009-10-01,"Intel",12.1448030471802,70648800
2009-11-01,"Intel",12.2154865264893,63613700
2009-12-01,"Intel",12.7294921875,47225800
2010-01-01,"Intel",13.5194253921509,47800900
2010-02-01,"Intel",12.6971216201782,50338300
2010-03-01,"Intel",13.6210489273071,51203300
2010-04-01,"Intel",14.6130847930908,45491000
2010-05-01,"Intel",15.1809005737305,55449900
2010-06-01,"Intel",13.9208688735962,57164500
2010-07-01,"Intel",12.65234375,88020000
2010-08-01,"Intel",13.9011487960815,50316200
2010-09-01,"Intel",12.013729095459,73611500
2010-10-01,"Intel",12.7952222824097,41275000
2010-11-01,"Intel",13.6230716705322,51593700
2010-12-01,"Intel",14.3371171951294,52939300
2011-01-01,"Intel",13.9166116714478,58223800
2011-02-01,"Intel",14.3371171951294,60971000
2011-03-01,"Intel",14.397910118103,57987400
2011-04-01,"Intel",13.2738161087036,82621500
2011-05-01,"Intel",15.4210481643677,71970500
2011-06-01,"Intel",14.9248008728027,56011400
2011-07-01,"Intel",15.2843608856201,35837100
2011-08-01,"Intel",15.0876207351685,51674300
2011-09-01,"Intel",13.6936159133911,40781200
2011-10-01,"Intel",14.1251821517944,95768300
2011-11-01,"Intel",16.3720569610596,68002400
2011-12-01,"Intel",17.2224197387695,51820400
2012-01-01,"Intel",16.9598007202148,44845600
2012-02-01,"Intel",18.3489265441895,46330600
2012-03-01,"Intel",18.7115058898926,39413000
2012-04-01,"Intel",19.7703857421875,28853500
2012-05-01,"Intel",20.1674728393555,43316200
2012-06-01,"Intel",17.6402530670166,40246400
2012-07-01,"Intel",18.7138252258301,21739700
2012-08-01,"Intel",18.1945877075195,29207700
2012-09-01,"Intel",17.2851486206055,40688000
2012-10-01,"Intel",16.1101493835449,55261300
2012-11-01,"Intel",15.7562379837036,50359300
2012-12-01,"Intel",13.9734725952148,50637000
2013-01-01,"Intel",15.2892932891846,47623000
2013-02-01,"Intel",15.2749891281128,31867100
2013-03-01,"Intel",15.2006416320801,45695700
2013-04-01,"Intel",15.4897546768188,33718100
2013-05-01,"Intel",17.3401546478271,38373800
2013-06-01,"Intel",18.4155139923096,76493500
2013-07-01,"Intel",17.4305324554443,29698200
2013-08-01,"Intel",16.9270973205566,37832700
2013-09-01,"Intel",16.2601890563965,26427300
2013-10-01,"Intel",16.8201236724854,25888800
2013-11-01,"Intel",17.9252529144287,28302100
2013-12-01,"Intel",17.6245536804199,25685300
2014-01-01,"Intel",19.1787891387939,31833300
2014-02-01,"Intel",17.810474395752,52868200
2014-03-01,"Intel",18.3932228088379,25728500
2014-04-01,"Intel",19.511833190918,23778700
2014-05-01,"Intel",19.8571681976318,19755200
2014-06-01,"Intel",20.6411266326904,20264900
2014-07-01,"Intel",23.4578895568848,28240000
2014-08-01,"Intel",25.5477485656738,33472400
2014-09-01,"Intel",26.350341796875,32094800
2014-10-01,"Intel",25.9082431793213,35086600
2014-11-01,"Intel",26.1521606445312,28703600
2014-12-01,"Intel",28.5179100036621,30904000
2015-01-01,"Intel",27.8964614868164,23605600
2015-02-01,"Intel",25.817268371582,38733800
2015-03-01,"Intel",26.3192710876465,25406400
2015-04-01,"Intel",23.8078880310059,31532100
2015-05-01,"Intel",25.8247203826904,27091200
2015-06-01,"Intel",26.3928356170654,46734500
2015-07-01,"Intel",23.4897003173828,27178900
2015-08-01,"Intel",22.6102046966553,26213600
2015-09-01,"Intel",21.8327445983887,44144000
2015-10-01,"Intel",23.5435791015625,29832800
2015-11-01,"Intel",26.7690467834473,21743100
2015-12-01,"Intel",27.7321281433105,23560200
2016-01-01,"Intel",26.8627815246582,27882200
2016-02-01,"Intel",24.3574810028076,19015100
2016-03-01,"Intel",24.213098526001,25502600
2016-04-01,"Intel",25.8714237213135,18049700
2016-05-01,"Intel",24.4044418334961,21086600
2016-06-01,"Intel",25.4596118927002,17753500
2016-07-01,"Intel",26.3361358642578,17084600
2016-08-01,"Intel",28.0248680114746,18824400
2016-09-01,"Intel",29.1852989196777,18925800
2016-10-01,"Intel",30.5141105651855,14113600
2016-11-01,"Intel",27.969913482666,25368200
2016-12-01,"Intel",27.5612316131592,29618700
2017-01-01,"Intel",29.8797760009766,20196500
2017-02-01,"Intel",29.8144702911377,28380600
2017-03-01,"Intel",29.5422077178955,34085900
2017-04-01,"Intel",29.7313079833984,32013600
2017-05-01,"Intel",29.8546409606934,24825600
2017-06-01,"Intel",29.9193572998047,17510900
2017-07-01,"Intel",27.7159843444824,12676900
2017-08-01,"Intel",30.1098804473877,38710200
2017-09-01,"Intel",29.2843742370605,12822000
2017-10-01,"Intel",32.5808448791504,37394500
2017-11-01,"Intel",38.9818382263184,47813700
2017-12-01,"Intel",37.5086784362793,26656300
2018-01-01,"Intel",39.330379486084,23370800
2018-02-01,"Intel",40.0019836425781,28840400
2018-03-01,"Intel",40.433952331543,36326600
2018-04-01,"Intel",41.3467636108398,67187800
2018-05-01,"Intel",45.0740623474121,27600800
2018-06-01,"Intel",48.5219535827637,31183200
2018-07-01,"Intel",42.6734733581543,23755500
2018-08-01,"Intel",41.4918785095215,28060700
2018-09-01,"Intel",41.0172500610352,15682900
2018-10-01,"Intel",39.7258453369141,23796200
2018-11-01,"Intel",41.2396278381348,28335300
2018-12-01,"Intel",43.142951965332,30870400
2019-01-01,"Intel",40.5180549621582,18774600
2019-02-01,"Intel",41.9380760192871,37442900
2019-03-01,"Intel",46.1618766784668,18359300
2019-04-01,"Intel",47.2098121643066,17830400
2019-05-01,"Intel",43.9620361328125,20467600
2019-06-01,"Intel",37.8701858520508,31155700
2019-07-01,"Intel",41.8698425292969,27423300
2019-08-01,"Intel",43.1333236694336,34020800
2019-09-01,"Intel",41.2138481140137,15003800
2019-10-01,"Intel",44.5299072265625,18413100
2019-11-01,"Intel",49.5741729736328,17953500
2019-12-01,"Intel",50.8614158630371,19154500
2020-01-01,"Intel",53.6664695739746,18056000
2020-02-01,"Intel",56.8243560791016,16646600
2020-03-01,"Intel",51.5728416442871,43140300
2020-04-01,"Intel",45.9882926940918,29586600
2020-05-01,"Intel",50.9434700012207,21194800
2020-06-01,"Intel",55.1446685791016,14317700
2020-07-01,"Intel",52.4257698059082,14748100
2020-08-01,"Intel",43.0566940307617,31767100
2020-09-01,"Intel",45.5838890075684,30472800
2020-10-01,"Intel",46.8852653503418,22127600
2020-11-01,"Intel",39.9027328491211,33856700
2020-12-01,"Intel",44.8034896850586,57768000
2021-01-01,"Intel",44.9029388427734,46102500
2021-02-01,"Intel",51.2491912841797,26926600
2021-03-01,"Intel",57.1901664733887,28495400
2021-04-01,"Intel",58.7090530395508,31416300
2021-05-01,"Intel",52.0786972045898,22281700
2021-06-01,"Intel",52.0608596801758,20326400
2021-07-01,"Intel",51.2555465698242,24871600
2021-08-01,"Intel",49.1233367919922,18098100
2021-09-01,"Intel",49.433349609375,18615000
2021-10-01,"Intel",49.6083526611328,19895100
2021-11-01,"Intel",45.6385803222656,28013700
2021-12-01,"Intel",45.0748634338379,35093500
2022-01-01,"Intel",49.3504829406738,33857600
2022-02-01,"Intel",45.3994789123535,35386100
2022-03-01,"Intel",43.754768371582,53853000
2022-04-01,"Intel",44.9603118896484,46598600
2022-05-01,"Intel",42.016529083252,45446500
2022-06-01,"Intel",41.548038482666,29885500
2022-07-01,"Intel",34.2293243408203,40596300
2022-08-01,"Intel",34.8133163452148,52513400
2022-09-01,"Intel",30.2173480987549,36440700
2022-10-01,"Intel",25.6600074768066,44096200
2022-11-01,"Intel",26.9254055023193,44418700
2022-12-01,"Intel",28.7644062042236,38896300
2023-01-01,"Intel",25.7751445770264,31308000
2023-02-01,"Intel",28.0315551757812,63330600
2023-03-01,"Intel",24.7227725982666,47823400
2023-04-01,"Intel",32.1015434265137,57038300
2023-05-01,"Intel",29.5736293792725,36918500
2023-06-01,"Intel",30.5081539154053,52667400
2023-07-01,"Intel",32.948413848877,15753000
2023-08-01,"Intel",35.0848655700684,24702200
2023-09-01,"Intel",36.0077667236328,43808500
2023-10-01,"Intel",34.8766860961914,26086200
2023-11-01,"Intel",36.6765823364258,41710700
2023-12-01,"Intel",43.1619415283203,43928400
2024-01-01,"Intel",47.1682815551758,45905700
2024-02-01,"Intel",42.7869606018066,38819900
2024-03-01,"Intel",43.3676300048828,41426100
2024-04-01,"Intel",44.0604019165039,31712600
2024-05-01,"Intel",30.0564785003662,60654800
2024-06-01,"Intel",30.099063873291,35544900
2024-07-01,"Intel",30.6455974578857,32401800
2024-08-01,"Intel",28.8668785095215,107672500
2024-09-01,"Intel",20.1000003814697,115305500
2024-10-01,"Intel",22.6900005340576,86344400
2024-11-01,"Intel",23.2000007629395,173471100
2024-12-01,"Intel",23.9300003051758,150497900
2025-01-01,"Intel",20.2199993133545,46438500
2025-02-01,"Intel",19.3799991607666,77523100
2025-03-01,"Intel",22.7399997711182,141348700
2025-04-01,"Intel",22.0499992370605,64060400
2025-05-01,"Intel",19.9799995422363,72607500
2025-06-01,"Intel",19.7399997711182,67885500
2025-07-01,"Intel",22.8500003814697,79094900
2025-08-01,"Intel",19.3099994659424,86496100
2025-09-01,"Intel",24.2099990844727,57661800
2025-10-01,"Intel",35.939998626709,162649700
2025-11-01,"Intel",39.5,61267500
2025-12-01,"Intel",40.0099983215332,74534900
2026-01-01,"Intel",39.3800010681152,95396400
2026-02-01,"Intel",48.810001373291,101414600
2026-03-01,"Intel",45.5,60705100
2026-04-01,"Intel",48.0299987792969,129598500
2026-05-01,"Intel",99.620002746582,158502800
2026-06-01,"Intel",109.330001831055,134900400
2026-07-01,"Intel",127.019996643066,113107200
2026-08-01,"Intel",91,96633600
2026-09-01,"Intel",88.9700012207031,73962100
